                  epoch,         train/box_loss,         train/cls_loss,         train/dfl_loss,   metrics/precision(B),      metrics/recall(B),       metrics/mAP50(B),    metrics/mAP50-95(B),           val/box_loss,           val/cls_loss,           val/dfl_loss,                 lr/pg0,                 lr/pg1,                 lr/pg2
                      1,                 6.8134,                 5.2144,                 4.0182,                  9e-05,                0.00038,                  4e-05,                  2e-05,                 6.9372,                 4.7916,                 3.8714,             0.00054384,             0.00054384,             0.00054384
                      2,                 6.0898,                 3.4265,                 3.0584,                0.00499,                0.03763,                0.00364,                0.00088,                 5.7597,                 3.2236,                 2.6165,              0.0010941,              0.0010941,              0.0010941
                      3,                 5.6712,                  2.865,                 2.5251,                0.01659,                0.03117,                0.00592,                0.00145,                 5.7034,                 2.9756,                   2.48,              0.0016388,              0.0016388,              0.0016388
                      4,                  5.535,                 2.7474,                 2.2669,                0.05385,                0.06043,                0.01567,                 0.0044,                 5.5197,                 2.8643,                 2.1097,              0.0016422,              0.0016422,              0.0016422
                      5,                 5.4546,                 2.6586,                 2.1013,                0.04987,                0.08275,                0.02205,                0.00624,                 5.4157,                 2.6159,                 2.0137,               0.001634,               0.001634,               0.001634
                      6,                 5.4093,                 2.6122,                 2.0234,                0.03716,                0.11281,                0.02169,                0.00616,                 5.4067,                 2.5183,                 1.9982,              0.0016257,              0.0016257,              0.0016257
                      7,                 5.3586,                 2.5504,                 1.9613,                0.06366,                0.09598,                0.03028,                0.00808,                 5.3327,                 2.3976,                 1.9619,              0.0016175,              0.0016175,              0.0016175
                      8,                 5.3249,                 2.5055,                 1.8947,                0.05442,                0.11438,                0.02851,                0.00793,                 5.3242,                 2.4555,                 1.8891,              0.0016092,              0.0016092,              0.0016092
                      9,                 5.3001,                 2.4843,                 1.8743,                0.07986,                0.08743,                 0.0311,                0.00871,                 5.3033,                 2.4083,                 1.8605,               0.001601,               0.001601,               0.001601
                     10,                 5.2802,                 2.4418,                 1.8245,                0.05299,                0.14093,                0.03464,                0.00964,                 5.2914,                 2.3983,                 1.8154,              0.0015927,              0.0015927,              0.0015927
                     11,                 5.2647,                 2.4103,                 1.8119,                0.09892,                0.10254,                 0.0398,                0.01194,                 5.2467,                 2.2851,                 1.8128,              0.0015845,              0.0015845,              0.0015845
                     12,                 5.2523,                 2.3785,                 1.7751,                 0.1034,                0.09733,                0.04337,                0.01269,                 5.2426,                 2.2785,                 1.7725,              0.0015762,              0.0015762,              0.0015762
                     13,                 5.2276,                  2.348,                 1.7777,                 0.0951,                0.10126,                 0.0396,                0.01202,                 5.2719,                 2.3647,                 1.7783,               0.001568,               0.001568,               0.001568
                     14,                 5.2236,                 2.3184,                 1.7593,                 0.1337,                0.10456,                0.05529,                0.01679,                 5.1989,                 2.2074,                 1.7802,              0.0015597,              0.0015597,              0.0015597
                     15,                 5.2235,                 2.2926,                 1.7239,                0.14382,                0.09584,                 0.0578,                 0.0173,                  5.219,                 2.2062,                 1.7117,              0.0015515,              0.0015515,              0.0015515
                     16,                 5.1976,                 2.2805,                 1.7133,                0.12638,                0.09621,                0.04991,                0.01503,                 5.2359,                 2.2422,                  1.716,              0.0015432,              0.0015432,              0.0015432
                     17,                 5.1999,                 2.2509,                 1.6829,                0.11967,                0.10401,                0.05212,                 0.0141,                    5.2,                 2.2329,                 1.7094,               0.001535,               0.001535,               0.001535
                     18,                 5.1791,                 2.2336,                 1.6779,                0.15279,                0.11693,                0.06649,                0.02136,                  5.156,                 2.1179,                 1.7011,              0.0015267,              0.0015267,              0.0015267
                     19,                 5.1759,                 2.2129,                 1.6615,                0.18125,                0.11473,                0.07457,                0.02436,                 5.1556,                 2.1019,                 1.6704,              0.0015185,              0.0015185,              0.0015185
                     20,                 5.1563,                 2.1722,                  1.658,                0.16932,                0.12185,                0.07706,                0.02661,                 5.1435,                 2.0875,                 1.6426,              0.0015102,              0.0015102,              0.0015102
                     21,                 5.1488,                 2.1565,                  1.628,                0.19071,                0.12164,                0.08278,                0.02759,                 5.1323,                 2.0481,                 1.6179,               0.001502,               0.001502,               0.001502
                     22,                 5.1431,                 2.1246,                 1.6212,                0.16702,                0.12603,                0.07736,                0.02609,                 5.1395,                 2.0824,                 1.6097,              0.0014937,              0.0014937,              0.0014937
                     23,                 5.1336,                 2.1084,                 1.6097,                 0.1967,                0.13562,                0.09388,                0.03222,                 5.1403,                 1.9981,                 1.5833,              0.0014855,              0.0014855,              0.0014855
                     24,                 5.1212,                 2.0811,                 1.5887,                0.20234,                0.13357,                0.09578,                0.03312,                 5.1179,                 1.9909,                 1.6102,              0.0014772,              0.0014772,              0.0014772
                     25,                 5.1225,                 2.0626,                  1.572,                0.20588,                0.13571,                0.09849,                0.03369,                 5.1144,                 1.9787,                 1.6014,               0.001469,               0.001469,               0.001469
                     26,                 5.1152,                 2.0383,                 1.5646,                0.18676,                0.12915,                0.08784,                0.02873,                 5.1039,                 1.9861,                 1.5993,              0.0014607,              0.0014607,              0.0014607
                     27,                 5.1015,                 2.0156,                  1.553,                0.23758,                0.13621,                0.10747,                0.03821,                 5.1086,                 1.9026,                 1.5451,              0.0014525,              0.0014525,              0.0014525
                     28,                 5.0962,                 1.9889,                 1.5472,                0.22221,                0.13295,                 0.1019,                 0.0362,                 5.1037,                 1.9595,                 1.5426,              0.0014442,              0.0014442,              0.0014442
                     29,                 5.0908,                 1.9883,                 1.5413,                0.21488,                 0.1415,                 0.1056,                0.03619,                 5.0999,                 1.9585,                 1.5589,               0.001436,               0.001436,               0.001436
                     30,                 5.0908,                 1.9635,                 1.5203,                0.22175,                0.14323,                0.10938,                0.03773,                 5.0992,                 1.9034,                 1.5496,              0.0014277,              0.0014277,              0.0014277
                     31,                 5.0794,                 1.9331,                 1.5094,                0.24817,                0.14661,                0.12044,                 0.0423,                  5.057,                 1.8343,                 1.5111,              0.0014195,              0.0014195,              0.0014195
                     32,                  5.079,                 1.9098,                 1.5016,                 0.2465,                0.14757,                0.11971,                0.04262,                 5.0734,                 1.8478,                 1.5032,              0.0014112,              0.0014112,              0.0014112
                     33,                 5.0731,                 1.8767,                 1.4878,                0.22036,                0.13705,                0.10587,                0.03338,                   5.05,                 1.9158,                 1.5171,              0.0014029,              0.0014029,              0.0014029
                     34,                 5.0654,                 1.8904,                 1.4843,                0.27953,                0.16094,                0.13832,                0.05046,                 5.0597,                 1.7784,                 1.4643,              0.0013947,              0.0013947,              0.0013947
                     35,                 5.0659,                 1.8469,                 1.4671,                0.27204,                0.15399,                0.13223,                0.04723,                  5.054,                 1.7956,                 1.4671,              0.0013864,              0.0013864,              0.0013864
                     36,                 5.0605,                 1.8237,                 1.4519,                0.28051,                0.16282,                0.14104,                0.05231,                 5.0578,                  1.761,                 1.4541,              0.0013782,              0.0013782,              0.0013782
                     37,                 5.0582,                 1.8108,                 1.4427,                0.29578,                0.16982,                0.15002,                 0.0573,                 5.0637,                  1.733,                 1.4561,              0.0013699,              0.0013699,              0.0013699
                     38,                 5.0585,                 1.7839,                 1.4314,                0.29109,                0.16598,                0.14554,                0.05277,                 5.0467,                 1.7362,                 1.4437,              0.0013617,              0.0013617,              0.0013617
                     39,                 5.0467,                 1.7696,                 1.4256,                 0.2931,                 0.1708,                0.15058,                0.05157,                 5.0178,                 1.7304,                 1.4569,              0.0013534,              0.0013534,              0.0013534
                     40,                   5.05,                 1.7714,                 1.4251,                0.33369,                0.17236,                0.16302,                 0.0632,                 5.0539,                 1.6672,                 1.4277,              0.0013452,              0.0013452,              0.0013452
                     41,                 5.0396,                 1.7417,                 1.4107,                0.34775,                0.17609,                0.16926,                0.06582,                 5.0476,                 1.6552,                 1.4128,              0.0013369,              0.0013369,              0.0013369
                     42,                 5.0366,                 1.7484,                 1.4121,                0.33318,                0.17114,                0.15978,                 0.0606,                  5.037,                 1.6918,                 1.4064,              0.0013287,              0.0013287,              0.0013287
                     43,                 5.0299,                 1.7105,                 1.3966,                0.31991,                0.17511,                0.16286,                0.05869,                 5.0222,                 1.6901,                 1.4125,              0.0013204,              0.0013204,              0.0013204
                     44,                  5.031,                  1.695,                 1.3886,                0.34812,                0.17665,                0.17076,                0.06513,                 5.0292,                 1.6451,                 1.3865,              0.0013122,              0.0013122,              0.0013122
                     45,                 5.0293,                 1.6713,                 1.3736,                0.33308,                0.17057,                 0.1589,                0.05418,                 4.9803,                 1.6816,                 1.4272,              0.0013039,              0.0013039,              0.0013039
                     46,                 5.0113,                 1.6713,                 1.3863,                0.38648,                0.18819,                 0.1925,                0.07598,                 5.0369,                 1.5692,                 1.3428,              0.0012957,              0.0012957,              0.0012957
                     47,                  5.028,                 1.6426,                 1.3624,                0.39859,                0.19494,                0.19912,                0.08201,                 5.0364,                 1.5419,                 1.3569,              0.0012874,              0.0012874,              0.0012874
                     48,                 5.0225,                 1.6419,                 1.3546,                0.41312,                0.19242,                0.20131,                0.08204,                 5.0399,                 1.5319,                 1.3379,              0.0012792,              0.0012792,              0.0012792
                     49,                 5.0107,                 1.6328,                 1.3596,                0.39777,                0.19228,                0.19739,                0.07972,                  5.026,                 1.5397,                 1.3377,              0.0012709,              0.0012709,              0.0012709
                     50,                 5.0144,                 1.6107,                 1.3481,                0.39314,                0.19508,                0.19948,                0.08026,                 5.0088,                 1.5305,                 1.3374,              0.0012627,              0.0012627,              0.0012627
                     51,                 5.0073,                  1.609,                 1.3402,                0.39001,                0.20445,                0.20163,                0.07908,                 4.9852,                 1.5275,                  1.338,              0.0012544,              0.0012544,              0.0012544
                     52,                 4.9992,                 1.5754,                 1.3278,                0.37316,                0.19468,                0.19186,                0.06924,                 4.9548,                  1.584,                  1.366,              0.0012462,              0.0012462,              0.0012462
                     53,                 5.0148,                 1.5616,                 1.3169,                0.44253,                0.19848,                0.21595,                0.08781,                 5.0045,                 1.4785,                 1.3174,              0.0012379,              0.0012379,              0.0012379
                     54,                 5.0007,                 1.5743,                 1.3244,                0.40287,                0.21022,                0.21725,                 0.0888,                 5.0013,                 1.4833,                 1.3325,              0.0012297,              0.0012297,              0.0012297
                     55,                 4.9933,                 1.5627,                 1.3141,                0.39264,                0.19539,                0.19727,                0.07447,                 4.9573,                 1.5404,                  1.339,              0.0012214,              0.0012214,              0.0012214
                     56,                 4.9916,                 1.5494,                   1.31,                0.43939,                0.20212,                0.21744,                0.08713,                 4.9745,                  1.474,                 1.3075,              0.0012132,              0.0012132,              0.0012132
                     57,                 5.0011,                 1.5027,                 1.2938,                0.44606,                0.20687,                0.22063,                0.09296,                 5.0058,                 1.4497,                 1.3157,              0.0012049,              0.0012049,              0.0012049
                     58,                 4.9887,                  1.518,                 1.2951,                0.42892,                0.21899,                0.22559,                0.09491,                 4.9848,                 1.4414,                 1.2944,              0.0011967,              0.0011967,              0.0011967
                     59,                  4.986,                 1.5047,                 1.2893,                0.44536,                0.21668,                0.23423,                0.10148,                 5.0133,                 1.4143,                 1.2843,              0.0011884,              0.0011884,              0.0011884
                     60,                 4.9806,                 1.5066,                 1.2881,                0.46481,                0.21731,                0.23396,                0.09965,                 5.0005,                  1.402,                 1.2873,              0.0011802,              0.0011802,              0.0011802
                     61,                 4.9811,                 1.4893,                 1.2822,                0.47377,                0.21792,                0.23595,                0.10108,                  4.973,                 1.4149,                 1.2866,              0.0011719,              0.0011719,              0.0011719
                     62,                  4.984,                 1.4731,                   1.27,                0.47921,                0.21916,                0.24078,                0.10376,                 4.9812,                 1.3732,                 1.2591,              0.0011636,              0.0011636,              0.0011636
                     63,                 4.9737,                 1.4675,                 1.2706,                 0.4711,                0.20834,                0.22985,                0.09342,                 4.9359,                 1.4077,                 1.2802,              0.0011554,              0.0011554,              0.0011554
                     64,                  4.987,                 1.4373,                 1.2524,                 0.4906,                0.22817,                0.25217,                 0.1116,                 5.0158,                 1.3613,                 1.2451,              0.0011471,              0.0011471,              0.0011471
                     65,                 4.9724,                 1.4308,                 1.2564,                0.49674,                0.22247,                0.25191,                0.11206,                 4.9956,                 1.3429,                 1.2485,              0.0011389,              0.0011389,              0.0011389
                     66,                 4.9637,                 1.4367,                 1.2574,                 0.4727,                0.22521,                 0.2475,                0.10865,                 4.9684,                  1.351,                 1.2346,              0.0011306,              0.0011306,              0.0011306
                     67,                 4.9687,                 1.4268,                 1.2457,                 0.5099,                0.22694,                0.25628,                 0.1134,                 4.9897,                  1.323,                 1.2385,              0.0011224,              0.0011224,              0.0011224
                     68,                 4.9704,                 1.4195,                   1.25,                0.49086,                0.22351,                0.24798,                0.10462,                 4.9059,                 1.3696,                 1.2528,              0.0011141,              0.0011141,              0.0011141
                     69,                 4.9555,                 1.4069,                 1.2385,                0.51968,                0.22974,                 0.2608,                0.11688,                 4.9847,                 1.3126,                 1.2393,              0.0011059,              0.0011059,              0.0011059
                     70,                 4.9599,                 1.4151,                 1.2419,                0.49811,                0.23544,                0.26493,                0.11959,                 4.9847,                 1.3012,                 1.2183,              0.0010976,              0.0010976,              0.0010976
                     71,                 4.9531,                 1.4077,                 1.2374,                0.51242,                 0.2331,                0.26064,                0.11484,                 4.9528,                 1.3051,                 1.2276,              0.0010894,              0.0010894,              0.0010894
                     72,                 4.9602,                 1.3821,                 1.2252,                0.51987,                0.23677,                0.26942,                0.12384,                 4.9693,                 1.2842,                 1.2162,              0.0010811,              0.0010811,              0.0010811
                     73,                 4.9489,                 1.3891,                 1.2288,                0.53284,                0.23249,                0.26502,                0.11876,                  4.956,                 1.3078,                  1.224,              0.0010729,              0.0010729,              0.0010729
                     74,                 4.9571,                 1.3742,                 1.2199,                0.52957,                0.23502,                0.26886,                0.12132,                 4.9547,                 1.2865,                 1.2025,              0.0010646,              0.0010646,              0.0010646
                     75,                 4.9451,                 1.3778,                 1.2204,                0.53297,                0.23306,                0.27007,                0.12215,                 4.9511,                 1.2754,                 1.2068,              0.0010564,              0.0010564,              0.0010564
                     76,                 4.9429,                 1.3519,                 1.2086,                0.53453,                0.23824,                0.27123,                0.11816,                 4.9265,                 1.3022,                 1.2231,              0.0010481,              0.0010481,              0.0010481
                     77,                 4.9453,                 1.3472,                 1.2076,                0.51838,                0.24056,                0.27211,                0.12423,                 4.9551,                 1.2678,                 1.2104,              0.0010399,              0.0010399,              0.0010399
                     78,                 4.9419,                 1.3478,                 1.2004,                0.53207,                0.23955,                 0.2691,                0.11739,                 4.9049,                 1.2899,                 1.2309,              0.0010316,              0.0010316,              0.0010316
                     79,                  4.934,                 1.3254,                 1.2004,                0.53082,                 0.2379,                0.27277,                0.12078,                 4.9077,                 1.2795,                 1.2049,              0.0010234,              0.0010234,              0.0010234
                     80,                 4.9146,                 1.3434,                 1.2048,                0.54552,                 0.2482,                0.28348,                0.13297,                 4.9647,                 1.2305,                 1.1758,              0.0010151,              0.0010151,              0.0010151
                     81,                 4.9449,                  1.312,                 1.1885,                0.53588,                0.23786,                 0.2725,                0.12194,                 4.8937,                 1.2817,                 1.2115,              0.0010069,              0.0010069,              0.0010069
                     82,                 4.9247,                 1.3221,                 1.1959,                0.53461,                0.23566,                0.27015,                0.11541,                 4.8706,                 1.2997,                 1.2121,             0.00099862,             0.00099862,             0.00099862
                     83,                 4.9358,                 1.3077,                 1.1894,                0.58392,                0.25183,                0.29762,                0.14116,                 4.9714,                 1.2046,                 1.1574,             0.00099036,             0.00099036,             0.00099036
                     84,                 4.9286,                 1.3051,                 1.1844,                0.54301,                0.23544,                0.27141,                0.11359,                 4.8428,                 1.2775,                 1.2214,             0.00098211,             0.00098211,             0.00098211
                     85,                 4.9254,                 1.2923,                 1.1782,                0.57801,                0.24828,                0.29209,                0.13542,                 4.9269,                 1.2152,                 1.1805,             0.00097386,             0.00097386,             0.00097386
                     86,                 4.9184,                 1.3092,                 1.1843,                0.59023,                0.25149,                0.29816,                0.13823,                 4.9259,                 1.2107,                 1.1663,             0.00096561,             0.00096561,             0.00096561
                     87,                 4.9175,                 1.2819,                 1.1724,                0.56654,                0.25184,                 0.2968,                0.13749,                  4.906,                  1.215,                 1.1697,             0.00095736,             0.00095736,             0.00095736
                     88,                 4.8984,                 1.3001,                 1.1829,                0.54311,                0.24783,                0.28494,                0.12554,                 4.8664,                 1.2401,                 1.1893,             0.00094911,             0.00094911,             0.00094911
                     89,                  4.913,                 1.2728,                 1.1672,                0.58763,                0.24816,                0.29733,                0.13672,                 4.9208,                 1.2107,                 1.1728,             0.00094085,             0.00094085,             0.00094085
                     90,                 4.9124,                 1.2684,                 1.1571,                0.56608,                0.25263,                 0.2973,                0.13886,                 4.9047,                 1.1936,                 1.1561,              0.0009326,              0.0009326,              0.0009326
                     91,                 4.9028,                 1.2661,                 1.1584,                0.55564,                0.25162,                0.29553,                0.13169,                  4.841,                 1.2239,                 1.1777,             0.00092435,             0.00092435,             0.00092435
                     92,                 4.9014,                  1.252,                 1.1597,                0.58926,                0.25795,                0.30998,                0.14987,                 4.9424,                 1.1638,                 1.1355,              0.0009161,              0.0009161,              0.0009161
                     93,                 4.9046,                 1.2543,                 1.1526,                0.58877,                0.25688,                0.30623,                0.14362,                 4.8883,                 1.1777,                 1.1459,             0.00090785,             0.00090785,             0.00090785
                     94,                 4.9001,                 1.2461,                 1.1532,                0.58563,                0.26062,                0.30966,                0.14538,                  4.906,                 1.1738,                  1.146,              0.0008996,              0.0008996,              0.0008996
                     95,                 4.8855,                 1.2591,                 1.1569,                0.57398,                0.26121,                0.30545,                0.14718,                  4.927,                 1.1666,                 1.1524,             0.00089134,             0.00089134,             0.00089134
                     96,                 4.8907,                   1.23,                 1.1487,                0.53759,                 0.2558,                0.29783,                0.13528,                  4.849,                 1.2029,                 1.1697,             0.00088309,             0.00088309,             0.00088309
                     97,                 4.8885,                 1.2446,                  1.152,                0.55822,                0.26338,                0.30743,                0.14238,                 4.8676,                 1.1802,                 1.1616,             0.00087484,             0.00087484,             0.00087484
                     98,                 4.8856,                 1.2273,                 1.1414,                0.57532,                0.26576,                0.31208,                 0.1501,                 4.9045,                  1.142,                 1.1417,             0.00086659,             0.00086659,             0.00086659
                     99,                 4.8856,                 1.2131,                 1.1442,                0.56238,                0.26044,                0.30415,                0.13947,                 4.8469,                 1.1749,                 1.1565,             0.00085834,             0.00085834,             0.00085834
                    100,                 4.8809,                 1.2281,                 1.1394,                0.59948,                0.26809,                0.32043,                0.15341,                 4.8859,                 1.1445,                 1.1425,             0.00085009,             0.00085009,             0.00085009
                    101,                 4.8694,                 1.2253,                 1.1381,                0.60008,                0.26922,                0.32182,                 0.1569,                 4.8937,                 1.1323,                 1.1233,             0.00084184,             0.00084184,             0.00084184
                    102,                 4.8675,                 1.2101,                 1.1375,                0.58228,                0.26771,                0.31704,                0.15289,                 4.8711,                 1.1405,                 1.1386,             0.00083358,             0.00083358,             0.00083358
                    103,                 4.8637,                 1.1959,                 1.1309,                0.58104,                0.27326,                0.32211,                0.15509,                 4.8645,                 1.1312,                 1.1312,             0.00082533,             0.00082533,             0.00082533
                    104,                 4.8813,                 1.1952,                 1.1239,                0.62687,                0.27277,                0.33014,                0.16193,                 4.8819,                 1.1123,                 1.1134,             0.00081708,             0.00081708,             0.00081708
                    105,                 4.8738,                 1.2133,                 1.1353,                0.61718,                0.27434,                0.32668,                0.16008,                 4.8827,                  1.117,                 1.1231,             0.00080883,             0.00080883,             0.00080883
                    106,                 4.8521,                 1.2015,                   1.13,                0.60631,                0.27661,                0.32695,                0.16345,                 4.8993,                 1.1086,                 1.1111,             0.00080058,             0.00080058,             0.00080058
                    107,                 4.8628,                 1.1902,                 1.1284,                0.57018,                0.27274,                 0.3202,                0.14849,                 4.8054,                 1.1356,                 1.1354,             0.00079233,             0.00079233,             0.00079233
                    108,                  4.851,                 1.1935,                 1.1236,                0.61041,                0.26863,                0.32441,                0.15302,                 4.8036,                 1.1233,                 1.1297,             0.00078407,             0.00078407,             0.00078407
                    109,                 4.8554,                 1.1862,                 1.1237,                 0.6252,                0.27557,                0.33008,                0.16539,                 4.9009,                 1.0995,                 1.1045,             0.00077582,             0.00077582,             0.00077582
                    110,                 4.8586,                 1.1781,                 1.1212,                0.60774,                0.27738,                0.33153,                0.16373,                 4.8787,                 1.0959,                 1.1085,             0.00076757,             0.00076757,             0.00076757
                    111,                 4.8612,                 1.1587,                   1.11,                0.62828,                0.27557,                0.33757,                0.16742,                 4.8768,                 1.0857,                 1.1021,             0.00075932,             0.00075932,             0.00075932
                    112,                 4.8498,                 1.1622,                 1.1127,                0.59575,                0.27482,                0.32553,                0.15411,                 4.8299,                  1.123,                 1.1177,             0.00075107,             0.00075107,             0.00075107
                    113,                 4.8508,                 1.1617,                 1.1129,                0.59714,                0.27422,                0.32817,                0.15635,                 4.7979,                 1.1252,                 1.1347,             0.00074282,             0.00074282,             0.00074282
                    114,                 4.8428,                 1.1618,                 1.1096,                0.60409,                0.27804,                0.32908,                 0.1597,                 4.8366,                 1.1158,                 1.1208,             0.00073456,             0.00073456,             0.00073456
                    115,                 4.8188,                 1.1709,                 1.1135,                0.62887,                0.28439,                0.34253,                0.17089,                 4.8639,                 1.0771,                 1.1011,             0.00072631,             0.00072631,             0.00072631
                    116,                  4.843,                 1.1482,                 1.1023,                0.61296,                 0.2715,                0.32766,                0.15959,                 4.8263,                 1.1088,                 1.1233,             0.00071806,             0.00071806,             0.00071806
                    117,                 4.8244,                 1.1565,                 1.1108,                0.63403,                0.27596,                0.33321,                 0.1635,                 4.8095,                 1.0892,                 1.1242,             0.00070981,             0.00070981,             0.00070981
                    118,                 4.8421,                 1.1484,                 1.0959,                0.63314,                0.28551,                0.34324,                0.17082,                 4.8536,                  1.065,                  1.091,             0.00070156,             0.00070156,             0.00070156
                    119,                 4.8289,                 1.1379,                 1.0964,                0.61721,                0.28617,                0.34243,                0.16853,                 4.8507,                 1.0709,                 1.0991,             0.00069331,             0.00069331,             0.00069331
                    120,                 4.8354,                 1.1323,                 1.0914,                0.64196,                0.28295,                0.34504,                0.17087,                 4.8085,                  1.064,                  1.095,             0.00068505,             0.00068505,             0.00068505
                    121,                 4.8252,                 1.1401,                 1.0956,                0.64032,                0.27863,                0.33798,                0.16273,                 4.7726,                  1.092,                 1.1107,              0.0006768,              0.0006768,              0.0006768
                    122,                  4.812,                  1.134,                 1.0954,                0.62733,                0.28411,                0.34145,                0.16612,                 4.7976,                 1.0773,                 1.1169,             0.00066855,             0.00066855,             0.00066855
                    123,                 4.8309,                 1.1094,                 1.0847,                0.63337,                0.27577,                0.33592,                0.15875,                 4.7591,                 1.0947,                 1.1237,              0.0006603,              0.0006603,              0.0006603
                    124,                 4.8095,                 1.1226,                 1.0945,                0.62811,                0.28226,                0.34247,                0.16473,                 4.7522,                 1.0758,                  1.107,             0.00065205,             0.00065205,             0.00065205
                    125,                 4.8042,                 1.1352,                 1.0912,                0.60714,                0.28501,                0.33933,                0.16541,                 4.7726,                 1.0759,                 1.1054,              0.0006438,              0.0006438,              0.0006438
                    126,                 4.8042,                 1.1328,                 1.0884,                0.61388,                0.29611,                0.35255,                0.17858,                 4.8335,                 1.0498,                   1.08,             0.00063554,             0.00063554,             0.00063554
                    127,                  4.816,                 1.1081,                 1.0843,                0.62641,                0.29513,                 0.3536,                0.17762,                 4.8094,                 1.0494,                 1.0889,             0.00062729,             0.00062729,             0.00062729
                    128,                  4.801,                  1.118,                  1.083,                0.62351,                0.29277,                0.34834,                 0.1736,                    4.8,                  1.056,                 1.0878,             0.00061904,             0.00061904,             0.00061904
                    129,                 4.8032,                 1.1031,                 1.0762,                0.61344,                0.29414,                0.34729,                0.16988,                 4.7753,                 1.0647,                 1.0931,             0.00061079,             0.00061079,             0.00061079
                    130,                 4.7956,                 1.1232,                 1.0801,                0.62495,                0.29116,                0.34808,                0.17158,                 4.7442,                 1.0632,                 1.0914,             0.00060254,             0.00060254,             0.00060254
                    131,                 4.7926,                 1.1061,                  1.082,                0.63671,                0.30023,                 0.3581,                0.18131,                 4.8068,                 1.0401,                 1.0859,             0.00059429,             0.00059429,             0.00059429
                    132,                 4.7987,                 1.0986,                 1.0762,                0.64415,                0.29184,                0.35477,                0.17718,                  4.782,                 1.0475,                 1.0861,             0.00058603,             0.00058603,             0.00058603
                    133,                 4.7851,                 1.0963,                 1.0773,                0.64727,                0.29097,                0.35288,                0.17507,                 4.7604,                 1.0454,                 1.0882,             0.00057778,             0.00057778,             0.00057778
                    134,                 4.7816,                 1.1033,                 1.0766,                 0.6202,                0.29551,                0.35091,                0.17455,                 4.7511,                 1.0449,                 1.0903,             0.00056953,             0.00056953,             0.00056953
                    135,                 4.7947,                 1.0764,                 1.0663,                0.61875,                0.30134,                0.35435,                0.17666,                 4.7739,                 1.0364,                  1.082,             0.00056128,             0.00056128,             0.00056128
                    136,                  4.775,                 1.0977,                 1.0749,                 0.6249,                0.29877,                0.35297,                0.17349,                 4.7229,                 1.0565,                 1.0912,             0.00055303,             0.00055303,             0.00055303
                    137,                 4.7781,                 1.0813,                 1.0708,                0.63233,                0.30948,                0.36441,                0.18931,                 4.8164,                 1.0156,                 1.0638,             0.00054478,             0.00054478,             0.00054478
                    138,                 4.7716,                 1.0908,                 1.0704,                0.63581,                0.30673,                0.36512,                0.18396,                 4.7601,                 1.0326,                 1.0796,             0.00053652,             0.00053652,             0.00053652
                    139,                 4.7612,                 1.0943,                 1.0662,                 0.6319,                0.30316,                0.36286,                0.18287,                 4.7712,                 1.0217,                 1.0689,             0.00052827,             0.00052827,             0.00052827
                    140,                 4.7849,                 1.0654,                 1.0602,                0.62897,                0.30593,                0.36251,                0.18441,                 4.7698,                 1.0164,                 1.0691,             0.00052002,             0.00052002,             0.00052002
                    141,                 4.7704,                 1.0694,                 1.0613,                0.65927,                0.29778,                0.36503,                0.18523,                 4.7506,                 1.0228,                 1.0721,             0.00051177,             0.00051177,             0.00051177
                    142,                 4.7544,                 1.0792,                 1.0672,                0.63582,                0.30903,                0.36405,                0.18955,                 4.7965,                 1.0102,                 1.0642,             0.00050352,             0.00050352,             0.00050352
                    143,                 4.7556,                 1.0731,                 1.0642,                0.64976,                0.30384,                0.36375,                0.18436,                 4.7294,                 1.0191,                 1.0742,             0.00049527,             0.00049527,             0.00049527
                    144,                 4.7652,                 1.0597,                 1.0565,                0.62238,                0.31137,                0.36836,                0.19072,                 4.7534,                 1.0049,                 1.0671,             0.00048701,             0.00048701,             0.00048701
                    145,                 4.7491,                 1.0737,                 1.0635,                0.65314,                 0.3078,                  0.368,                 0.1888,                 4.7501,                 1.0133,                 1.0646,             0.00047876,             0.00047876,             0.00047876
                    146,                 4.7446,                 1.0616,                 1.0596,                0.62056,                0.31299,                0.36725,                0.18764,                 4.7167,                 1.0141,                  1.071,             0.00047051,             0.00047051,             0.00047051
                    147,                   4.74,                 1.0638,                 1.0577,                0.62901,                0.31441,                 0.3712,                0.19001,                 4.7306,                  1.005,                 1.0607,             0.00046226,             0.00046226,             0.00046226
                    148,                 4.7312,                 1.0622,                  1.055,                0.64201,                0.30624,                 0.3667,                0.18769,                 4.7278,                 1.0061,                 1.0594,             0.00045401,             0.00045401,             0.00045401
                    149,                 4.7528,                 1.0457,                 1.0534,                0.63061,                0.31897,                0.37281,                0.18954,                 4.7128,                 1.0019,                 1.0644,             0.00044576,             0.00044576,             0.00044576
                    150,                 4.7339,                 1.0519,                 1.0517,                0.64065,                0.30826,                0.36558,                0.18627,                  4.678,                 1.0107,                  1.069,              0.0004375,              0.0004375,              0.0004375
                    151,                 4.7302,                 1.0478,                 1.0497,                0.63935,                0.31137,                0.36997,                  0.189,                 4.7029,                  1.001,                 1.0698,             0.00042925,             0.00042925,             0.00042925
                    152,                 4.7356,                 1.0437,                 1.0495,                0.63232,                0.31547,                0.37136,                0.18785,                 4.6883,                  1.004,                 1.0606,               0.000421,               0.000421,               0.000421
                    153,                 4.7231,                 1.0415,                 1.0501,                0.65319,                0.31078,                0.37239,                0.19104,                 4.7023,                 1.0001,                 1.0632,             0.00041275,             0.00041275,             0.00041275
                    154,                  4.715,                 1.0444,                 1.0469,                0.65419,                0.31143,                0.37359,                0.19146,                 4.7001,                 0.9996,                 1.0641,              0.0004045,              0.0004045,              0.0004045
                    155,                 4.7064,                  1.068,                  1.057,                0.64089,                0.31414,                0.37358,                0.19156,                  4.689,                0.99358,                 1.0584,             0.00039625,             0.00039625,             0.00039625
                    156,                 4.7118,                 1.0346,                 1.0495,                0.62763,                 0.3176,                0.37244,                0.19116,                 4.6936,                0.99262,                 1.0587,             0.00038799,             0.00038799,             0.00038799
                    157,                 4.7347,                 1.0224,                 1.0402,                0.65781,                0.31862,                0.37695,                0.19586,                 4.7059,                 0.9888,                 1.0528,             0.00037974,             0.00037974,             0.00037974
                    158,                 4.7098,                 1.0469,                 1.0449,                 0.6439,                0.30921,                0.37044,                0.19121,                  4.687,                0.99156,                 1.0584,             0.00037149,             0.00037149,             0.00037149
                    159,                 4.7074,                 1.0319,                 1.0463,                0.66319,                0.31445,                0.37896,                 0.2001,                  4.715,                0.97333,                 1.0414,             0.00036324,             0.00036324,             0.00036324
                    160,                 4.6979,                 1.0481,                 1.0506,                0.66432,                0.31878,                0.38167,                 0.1999,                 4.7139,                0.97611,                 1.0441,             0.00035499,             0.00035499,             0.00035499
                    161,                 4.7115,                 1.0261,                 1.0419,                0.64883,                0.32613,                0.38628,                0.20517,                 4.7392,                0.95977,                   1.03,             0.00034674,             0.00034674,             0.00034674
                    162,                 4.6992,                 1.0311,                 1.0416,                0.63498,                 0.3245,                0.38218,                0.19993,                  4.686,                0.97364,                 1.0454,             0.00033848,             0.00033848,             0.00033848
                    163,                 4.7081,                 1.0153,                 1.0362,                0.64857,                0.31977,                0.38234,                 0.2005,                 4.6704,                0.97412,                 1.0474,             0.00033023,             0.00033023,             0.00033023
                    164,                 4.7059,                 1.0135,                 1.0353,                0.63742,                0.32301,                0.38222,                0.19908,                 4.6628,                0.97443,                 1.0522,             0.00032198,             0.00032198,             0.00032198
                    165,                 4.6896,                 1.0263,                 1.0386,                0.64326,                 0.3264,                0.38555,                0.20211,                 4.6744,                0.96328,                 1.0416,             0.00031373,             0.00031373,             0.00031373
                    166,                 4.6854,                 1.0172,                 1.0323,                0.65871,                0.32009,                0.38391,                0.19834,                 4.6518,                0.97118,                 1.0462,             0.00030548,             0.00030548,             0.00030548
                    167,                 4.6845,                 1.0179,                 1.0319,                0.66733,                0.31938,                0.38559,                0.20286,                 4.6742,                0.96449,                 1.0412,             0.00029723,             0.00029723,             0.00029723
                    168,                 4.6915,                 1.0251,                 1.0351,                0.66309,                0.32278,                0.38573,                0.20013,                 4.6368,                0.96855,                 1.0461,             0.00028897,             0.00028897,             0.00028897
                    169,                 4.6894,                 1.0124,                 1.0292,                0.66112,                0.32249,                0.38715,                0.20482,                 4.6671,                0.96126,                 1.0417,             0.00028072,             0.00028072,             0.00028072
                    170,                  4.684,                 1.0046,                 1.0316,                0.65731,                0.32449,                0.38926,                0.20755,                 4.6686,                0.95226,                 1.0354,             0.00027247,             0.00027247,             0.00027247
                    171,                 4.6799,                 1.0014,                 1.0317,                0.67319,                0.31823,                0.38413,                0.20046,                 4.6361,                0.96381,                 1.0441,             0.00026422,             0.00026422,             0.00026422
                    172,                 4.6853,                 1.0004,                 1.0238,                0.66403,                0.32455,                0.38769,                0.20241,                 4.6366,                0.95913,                 1.0418,             0.00025597,             0.00025597,             0.00025597
                    173,                 4.6582,                 1.0182,                 1.0275,                0.65448,                0.32307,                 0.3842,                 0.1984,                 4.6175,                0.97049,                 1.0464,             0.00024772,             0.00024772,             0.00024772
                    174,                 4.6712,                 1.0039,                 1.0225,                0.65705,                0.32494,                0.38489,                0.20042,                 4.6085,                 0.9664,                 1.0471,             0.00023946,             0.00023946,             0.00023946
                    175,                 4.6529,                 1.0092,                 1.0311,                 0.6769,                0.32333,                0.39105,                0.20542,                  4.634,                0.95736,                 1.0419,             0.00023121,             0.00023121,             0.00023121
                    176,                 4.6498,                 1.0102,                   1.03,                0.67344,                0.32334,                0.39017,                 0.2044,                 4.6104,                0.95934,                  1.041,             0.00022296,             0.00022296,             0.00022296
                    177,                  4.665,                0.99989,                 1.0249,                0.67565,                0.32315,                0.39083,                0.20511,                 4.6242,                0.95569,                  1.039,             0.00021471,             0.00021471,             0.00021471
                    178,                 4.6558,                0.99037,                 1.0205,                 0.6559,                  0.328,                0.39108,                0.20516,                 4.6058,                0.95416,                 1.0392,             0.00020646,             0.00020646,             0.00020646
                    179,                 4.6506,                0.99063,                 1.0265,                0.67369,                0.32348,                0.39081,                0.20357,                 4.5945,                0.95475,                 1.0389,             0.00019821,             0.00019821,             0.00019821
                    180,                  4.651,                0.99137,                  1.023,                0.65796,                0.32769,                0.38997,                0.20606,                 4.6056,                0.94971,                  1.037,             0.00018995,             0.00018995,             0.00018995
                    181,                  4.647,                0.99126,                 1.0253,                0.67382,                 0.3234,                0.39098,                0.20663,                 4.6191,                0.94918,                 1.0332,              0.0001817,              0.0001817,              0.0001817
                    182,                 4.6392,                0.98437,                 1.0188,                0.68857,                0.32106,                0.39114,                0.20701,                 4.5934,                 0.9467,                 1.0319,             0.00017345,             0.00017345,             0.00017345
                    183,                 4.6444,                0.98648,                 1.0136,                  0.659,                0.32812,                0.39041,                 0.2051,                 4.5853,                0.94944,                 1.0353,              0.0001652,              0.0001652,              0.0001652
                    184,                 4.6421,                0.96835,                 1.0126,                0.66369,                0.33355,                0.39548,                 0.2084,                 4.5954,                0.93972,                 1.0289,             0.00015695,             0.00015695,             0.00015695
                    185,                 4.6358,                  0.985,                 1.0108,                0.66762,                0.32896,                0.39272,                0.20817,                 4.5815,                0.94202,                 1.0278,              0.0001487,              0.0001487,              0.0001487
                    186,                 4.6293,                0.98092,                 1.0165,                0.67354,                0.32682,                0.39276,                0.20695,                 4.5861,                0.94504,                 1.0355,             0.00014044,             0.00014044,             0.00014044
                    187,                 4.6401,                0.98941,                 1.0138,                0.66702,                0.33013,                  0.393,                0.20623,                 4.5659,                0.94418,                 1.0344,             0.00013219,             0.00013219,             0.00013219
                    188,                 4.6016,                 1.0015,                 1.0186,                0.67502,                0.32793,                0.39328,                 0.2062,                 4.5479,                0.94869,                 1.0369,             0.00012394,             0.00012394,             0.00012394
                    189,                 4.6275,                0.97708,                 1.0128,                0.68983,                0.32404,                0.39381,                0.20844,                 4.5599,                0.94314,                 1.0299,             0.00011569,             0.00011569,             0.00011569
                    190,                 4.6191,                0.97872,                 1.0157,                0.67623,                 0.3263,                0.39464,                0.20809,                  4.552,                0.94273,                 1.0313,             0.00010744,             0.00010744,             0.00010744
                    191,                 4.5637,                0.96589,                 1.0201,                0.69343,                0.33476,                0.39661,                0.21119,                 4.5821,                0.94298,                 1.0236,             9.9187e-05,             9.9187e-05,             9.9187e-05
                    192,                 4.6492,                0.91897,                0.99462,                0.69001,                0.32998,                0.39616,                0.21124,                 4.5759,                0.93707,                 1.0207,             9.0935e-05,             9.0935e-05,             9.0935e-05
                    193,                 4.6573,                0.91999,                0.99431,                0.67338,                0.33369,                0.39518,                0.20974,                  4.559,                0.93631,                 1.0216,             8.2683e-05,             8.2683e-05,             8.2683e-05
                    194,                 4.6672,                0.90554,                0.98666,                0.68988,                0.33098,                0.39862,                0.21325,                   4.57,                0.93117,                 1.0163,             7.4432e-05,             7.4432e-05,             7.4432e-05
                    195,                 4.6737,                0.90679,                0.98697,                0.69505,                0.33124,                0.39969,                0.21432,                 4.5655,                0.92789,                 1.0153,              6.618e-05,              6.618e-05,              6.618e-05
                    196,                 4.6693,                 0.9029,                 0.9843,                0.68687,                0.33347,                0.39983,                 0.2155,                 4.5638,                0.92443,                 1.0118,             5.7928e-05,             5.7928e-05,             5.7928e-05
                    197,                 4.6842,                0.89131,                0.97914,                0.69058,                 0.3338,                0.40124,                0.21627,                 4.5584,                 0.9239,                 1.0109,             4.9677e-05,             4.9677e-05,             4.9677e-05
                    198,                 4.6798,                0.89738,                0.97638,                0.68836,                0.33429,                0.40151,                0.21694,                 4.5619,                0.92226,                 1.0102,             4.1425e-05,             4.1425e-05,             4.1425e-05
                    199,                 4.6692,                0.88826,                0.97807,                0.68217,                0.33521,                0.40174,                0.21795,                 4.5658,                0.91848,                  1.008,             3.3173e-05,             3.3173e-05,             3.3173e-05
                    200,                 4.6784,                0.88625,                0.97581,                 0.6983,                0.33437,                0.40361,                0.21977,                 4.5668,                0.91756,                 1.0068,             2.4922e-05,             2.4922e-05,             2.4922e-05
